"index","timeStamp","voterAddress","txHash","importance","balance"
0,73926598,"NCO2T7IR2B672UGPD6XETAIH7Q22IPA4CIFTFVE7","27302afabc5bf25ced752e4564e633fefb4497e468417073889ac2d875df07b0",0.00001999963346237925,35027000000
1,73926461,"NDV7PSQJ2IJFMMACEBPS2GRUOQU4PAF3ZKD3VQKC","5caeee7e88dd4508b8ed3774977f43c385a3f2d47f430e3b306cd0e041077cab",0.000017668158856563128,11221921629
2,73926058,"NAAYLTNDMUGRDAEMDKL2432J2E3YNIQRVPYSOH74","8ea0d264ba42d1d6c9d9850e6f234a86fe641f2f2a423978257259c4fdcdbacc",0.000019861773004384066,35613247737
3,73924778,"NB6EVF6TWIJJ43PPFBPRJSHH3IGJRFB5BN3MUATA","7545fd22f73dcaf382fc10b6735b4030b475d1475b2f0da2561dc6721cdd6cab",0.00003822483628927265,220693819645
4,73924607,"NCEFYTWV55DEQFZY23HCKVVOPQXPQYMWDPIUUDRQ","2c3fec498d771b40eaa614c743eaf04566aa61186abf8409d39bbd0d5f29995e",0.000018116578631759234,17115055028
5,73924021,"NBPCVNXIASYIQ4QYCHF3HEDGP4NGMBPHCMBHJ2HZ","d2a7758f14f313b2f2d9646cd9bcf61517fb789cbeea20eb1d7d00192d5b3038",0.000057998742454934375,422035845114
6,73921042,"NDJPXGG5SUM7Q7JHVBIY6NDITSYYDA6Q4AK2NUHN","e9e32aff488676baa2c39a6027e8272e5239cb4647f0f779c056af12fb5b2171",0.000019686178400428403,31833786000
7,73920872,"ND7G6XBZPDFUCAYDQT6IIBDP3UZMQE5B7ZANYX4L","1b86440e960d70a25b690e45ed9e96c9bbf2d206c4674966eb74f2ce39e2eeeb",0.00031071530413929923,3000796000000
8,73920757,"NAUFIPHWAAFJWLE5C33WW36SI5BVDV32ODLFDFBK","99895dfcfd1869c4344d6cd17cf06f778deca9e3d9caaec989a2dd023db17cfd",0.000021673615827856575,52021604006
9,73920285,"NCN7OOHLKJPDHPUJIRCSGCW73JR74U7JNGA7ZY7H","888ea74985815194759fd382b42bbc7a0cb5dc16795b793afe686236020610de",0.00003737668698670048,200252127032
10,73914631,"NDXVHGK5C2GB326SI4ZEITSMCLUNQB6ZRLQTB6OG","45ac69aa9bc594ed0d2a54dda3f36499ac80db9b089742748e5805e1a3b49d61",0,9010000
11,73916721,"NCHMIAKJRUWSK6OAQWJXVEYTA3C4OOEW6QZZKDZG","3a2bca1c4830e591378285796f203ebfce14a27ed50878d829d60c4b92adaaca",0.00016406353498434937,3001810000000
12,73915148,"NC6QI6IV34UKFLSH7YTM5IPRZZNWNLUSMOUNK3TK","bf060ac272e26cdded6ae26cd2dd77633dd5922596f76bb0721b63589d8865f3",0.0004411620297389243,4205945037542
13,73911760,"NCCJZ7PARFJOYPTDVWPJC2UEZXH2Q56VHFNBCET3","041b421b975b7e7e9ee52cbb1a44311d84aa43723bc5e5fb9bf2288921d59b58",0.000024641933473457037,99983000000
14,73906813,"NDLJVSE5A4RTKNLJHUDGUPTQQKVOIG3PGDUTKM2N","cecf3e5e417b1c2c473cc84c5c96f480d1e644eeb758731a3e7b981b56b10fe2",0.000222606983558361,2100135504462
15,73903618,"NDHMA5BQRNSWMFZC76HGO72T4XEYICUAMUG5LS5T","1c8195dab28060a176d0899628e19834a09de214de3a980cf97f95323997deea",0.000017944290032990107,12000829347
16,73901979,"NCGP327CYJBZU5JKUIX62WSGYSDFDOSYQ6J7M32U","fcbb7e0c24f568338de9f1b7b8dd88e2e5421653132607bd5815a823e869db2a",0,6295435808
17,73900641,"NBCEIFZGX2VDS2XRCIJHDASIIFMDEWX22EZARUX6","69d5467bdb8c451290daadba10e391d6e4a6b22ab06f71c9581f0e3cf029bf15",0.000019862812193810888,35971000000
18,73900604,"NATKP5CEBCHZMCUTFSP2M4FLLABBC7LVED5ASF6W","5cb32bf6c1293f6b529097923876d488f4626ecd042d82fc68626b02251569e9",0,10148000000
19,73899948,"NADCV6RG63JRMLR3LE34JW2ECPG4WRAGMMR72BF2","2e1237becbbb4bc0cc47c289d594bdac2432089629014c0c578e9b0456687c6c",0.00031366944825067706,3030942024065
20,73895363,"NACESLAESJQZTPOT3T2KA6JCU2PAOTOIS66B4KKX","80615f4d7467b34b5a7ac3bb20e25dfeb94ff1722c736027693d9ea44e262ec9",0.00007179332934302774,500122440000
21,73881421,"NBRJV45FFK4W37BLD44EJCDFJBOIV57QHHFHOLUJ","08619e4234f03020434ba7bd2e0b57e1ce0dc9b47f1cef092c0f4f9e8669c98a",0.000017555680013367407,11458333992
22,73880232,"ND7IECOZXSOMFNMMAS2LYZ3MOP3CQ2GLCTHBLCO6","10bdb0565b8459f10ea9ec22436cf22cda094e8041de24768b7c17160f6f1fc5",0,10123000000
23,73877577,"NBTU7VUARUHDKOWRYWJCICXFE6FIDGTWLRIWFZUV","5e911e91be7768dd344dfbe69e6bf649986bb5603c83944d76f0422914a58faf",0.00002243013660116066,59895100000
24,73877496,"NBZSI3QTVTSKUANGBGLONWIJHXV5VB4CJJQUK4RL","6d34f40811bfdab603c7561f38a644b565b21af233b54919ce615b35ec31735b",0.00006724100192266753,516710125655
25,73877423,"NCNK3JPXCEGZRVW5QCKNUMT7JNPOCZ3AG45R42RF","cd49a8c72a848934767004a3701526f994aa5937d171890997c0d87e063ad0de",0.00001852591431185736,20003000000
26,73877352,"NAS2PADGZMO5BY4B5FWJAMCO4BDDLDPOHQCA6UW6","178e8da9fa672f9cdcce0c6dcc6f9ea6e88938c20274704f17eb24a004f30899",0.00002635713912482086,100021000000
27,73877223,"NDSF7KETCT5VU3CKMN2PPTZV5WGH5RF7QC7XOK45","0fe44f64c50cea47abeaec70701b43d4a519efb25b9cefcb75d304ac80caeca2",0.00002635759261921149,100025616650
28,73877108,"NC7CBP4DTWQ4XPTFYQTZVM73A5UJQILWM3GHZ6BP","4be5d4d9e9e51278a577575724793a041a58188cafe109efb8b9c68d94d0afe8",0.00002635749160687558,100024000000
29,73876968,"NDVN47YMYJIRCV4GIA2XFDAJWJKBBPPZOQNNXC5E","d0ac6ab921bac9d5bde8ebd226a7303d784c54a3df37b29033ba1fcbf6478f5c",0.000026362155349128143,100074954755
30,73875332,"NAGWR44DJPNQRCSEJT5PMGIOTHTSFDUYVAQL7FGV","f0120f38807dca2f8f9e37cacd368c263bae04ed324a1c3fea53bb3be74a1540",0.00006033249346463037,437102682024
31,73875220,"ND3KVORXT4KHQRZ3EPLBWSO5BDTXY3SI6KZGKT3Z","9670697bdf5441b160e3afc657edb143e4c85230d74b5763bf9818c1b500b0d9",0.000026139979259372134,102027301845
32,73874426,"ND2WHLBHLIP4VOT3HJFVNO6RWDGIUDSJTPPGQYSA","caa6cbc5bc87d883d495cb235f0161e2ab260c09fde5896c936f19fadef44c66",0.00001815207654051259,16172613820
33,73872308,"NCOZKDTEDPASOB2U7ZGJUTU24U4YIZJ72NNXZVXW","7174bab6f40d6445866573c7b43a6f4734fb2401066a62dcfa32143c0ee9f131",0.000029667004029326368,133512540391
34,73872252,"NCXO6NYCD5LAAAD7YE77RFSGCUICELEV32FCIPNA","daec6f5a68ed9f981bdd7e8c8a009a0f20f4803fbf255d784bc87a90ab58741d",0.000017655114211891497,20672997223
35,73872257,"NCFSRPSZR6PHXK6R2SZT3V7L3CN55FY5XMO37HU5","41593704b7a773f31d9b2227e357be9c01d16907cbac7e9690cffd719dbdc8bc",0.000025442718033376244,79623358524
36,73871256,"NDWDLAAI76K5BTJSHI43TVUDTZ5VGQSGMOR7TQCH","267cff71c4554dbf22dea71ae6ddaf38e4c1f84427b1b7dd11c2921bd856e0dc",0.000018242441521562068,17068343607
37,73870983,"NACCIA3BHEPOBDKC2CHGSX52XW4SLBKSF2EW7JOI","fef3887df93ade7dd019c32b65ff190740a77d76849276b1425e699815f4ec14",0,5757000000
38,73868214,"NBPFPO4J7MDRZNVMLGVLJ6MNT57JG5SBQ6XI4YNN","6638639e25800b1b93863d3884c36989337d4b60b5487391a3b983508d596200",0.00044675257096598274,4473044916018
39,73865591,"NAAYR357KOWDW6N73RC2GTWYRJKAMJI343SGTZHD","8e640e6f99fd94e240e53ac1369d044c6d3e04af650afd8f0b217b59e2e40380",0.000018544504692582743,20516383239
40,73865488,"ND7CSEHJYHE3VDXBPFII62CKPMLMLOTGFWEYS3LP","f7717c62ffd47a78e5c716ca9f65fd0b1e58dc92fdf822575e2232d2a20ad9f7",0.000017553283197909435,10039173164
41,73843188,"NCQAEAKEGOVZPKD65WHNR3DJ7KNRJVKIOHMEG777","632b9a7fb8c33c4323eee5b244bfb39b714febba8fa122cc3bc8ea37d7c32397",0.00004259890185107661,267429580391
42,73843028,"ND2ADW642CYSV4N54RORNGPLTZGIU62ODPSGUKDI","6f83d43b4a8e0bce70c7ae965bf24408556a8b7511fb14c4985674f11c2e156a",0.000018017122837552776,14964000000
43,73835981,"NDJPXFVJMD2GSMTIPXBBE5ZDHJVRLWYY4RXLQRVL","7db0f0beb296866256a0e553fa070d953542d71105e0a08fddeea8d0f40f62d7",0.000027372620043591837,109999000000
44,73841938,"NCPV7TQFBAVOXKLMTTMPFFKW5DLSVNHXOLE7LKPW","cd7be9159e3c2048b1a0360199e35b236f32ab1ceebb4210bfa6e20192803267",0,9999570000
45,73841107,"NDPL4BJMP65OOPJDWOFI3HIEOW7MK24WOG27MGMT","97de82bd8569e6b7213f7c41cb312d01321953027970e92737dbe6e2da85c678",0,84000000
46,73839893,"NAPYYFPMFI3DDUFWHEH4ZSTQTXIUZVY6HIHDMLFI","613a6ffdf00a1cb18136d32b6e4d7a6031c8a2daa974e4aec4c490ad0e6adb29",0.00005979056512410452,434998345631
47,73838894,"NCUF2XW7YCU5EAEQPS7RTAJICOTGLOGCGJ3BU4PK","32fd725d0b7eb666250a70416cb30c43c6db351262e3f9a78a84ef4dd4eddeb0",0.000021315882169481197,50094000000
48,73837389,"NAOXLEWCLRPAH5JYYSG7NDKMF2V5KQXNFI6VISK6","0d181e59a9839f2a9d215f0e7c4023de134ed843949c40803de45830db5dc71b",0.000020077229348818082,41837712100
49,73836218,"NBOA64TVMC424XGWAC43YI5IBMH3H7BF6IQXPT6V","6dc8898bf20f8e5a7289be9e68a51c0021a96008e104f686efd38683364753fc",0.000018599540448577556,25427000000
50,73835545,"NAG6PRYTQSOZSME6RLH5TQQP73SSSFPJAFSTHUSV","dc3b6fe7cc48d01414886590998aae6f63dd8203f5ac02adfb93d01a862a7574",0,0
51,73830243,"NAF4ZAVPSMJVCZLQGWMCLWERTWNRXHOIQ6LR63WZ","69c148044d5e2b36b765ba6b802b5937bab7e5aa3615ea3fe549c6e0021b1ee7",0.0000464988111596595,306601877570
52,73829668,"NDRHC4PJVXZSCPAX6UWEGSGV6B4QIWCVFNVIVP4L","ea4048d881be41993700f6a6c394d02dbf5614f91ff5e1036ba3c2c9d2c4aec2",0.0002481796691737753,2360422202193
53,73825394,"NBVSHIXRND7QU5LKKYGGY4Z5CDM5CTWJ3MDJDTRH","1fbb15e24c74287223d99aec521adf2d5fd28f10db4f9a911770cbffea388bb6",0.000027201629223193486,108439000000
54,73819804,"ND7TABO7XNAWKEXOHGHHN5LFS7BOSGSWVDWGBRVW","cee7443fd8439b7c3e07ad07268aa6ad1b3414301e9c95b8cdc2bb20da792a40",0.000028562345370350895,122048777356
55,73819484,"NCMLXRHF6Q5L3YHONHGH5GMIOLJKLKU727V4NYWR","c39b600b2fcc11f7f9d22ec909ee91c60664f850c656f613c999b65ed86985d5",0.000017556866388195808,10529168480
56,73816251,"NCJINYKAXYETBG432YRAOUT5ZZ5TFDU3PBPICDTO","bfdfdddb51dbcc5656c056353560813ae115c14f5c9d6d4af09af65b3c8783ff",0.00023742900366182157,2250779274325
57,73811847,"NCG4J6UU6CLQGBVLQVVMR456AEGJGRB5Q74AYXWQ","d3490b0abd4418b62b4737f3e02ca73f9c34006a9acbed541c242cd65072fb84",0.00003011538694517519,151004125656
58,73806997,"NDZAAUBFFT5LPCHYTAEDDDVX2HHHUXTAW4KVO3BC","e59e69a4c81a43b6eeb1729680351fd4292763d83b9d9d05daae46553725ee44",0.000026480870397998102,101106659799
59,73799817,"NBD2NX3YR7ALEUDN354SBPT5PXWEXDC7FUL2MI3Z","8ddb5dbb01222df8cfd1edd4839f2e42cd8cd7b9029f3186e6116ef1c547cec1",0.000047268517629864504,313091327303
60,73798184,"NABLUKEXYF2K7BP4YUIQJCPBVLE4VL2C4C7TTXRJ","b79697a48d667e2d31dc448d26d7edc842e3f74441db081c4f6dd4a76555a407",0.00001826235342443369,17430448486
61,73792619,"NBE223WPKEBHQPCYUC4U4CDUQCRRFMPZLOQLB5OP","d5e8abf5971af59a664583989326d50bb9a04860ef1fb3c047dc44322eb858f4",0.000018549197185981503,20195953706
62,73790837,"NBDZ3GH4WKRC6T4VGSXNH652TDMOEG6STCAR4BI3","3d1a0dd67d103c778fcf2843a1b8278024426127345d354bcb9c6bc041367f1d",0.00002113234395446364,44190298901
63,73790346,"NDJDOXTTR2J4TSZCQSPOG5TNSQFIOJCJ2J2ISTJZ","05e19a4ed5485680bf9c94a87bfabaefb9068942a458beb89f3684e038aea1a2",0.000017612528772995062,11237517820
64,73788835,"NBTXWK2FH3RSATINP3LVKVYOMXRVVP6FCAC3X3L6","25afa877f1eb905e6a43add2ecf4fba5abc5ffd7290f47b3e29afa45af48c8fb",0.000017586691316404327,34660939394
65,73788026,"NB7EB2LZWHAWYMHAOKR5JZRW6ISW56XUGKFEAKCN","82aea79289522d1576438ec2b8f532192ba6817ce2517d85710e7dc40e43c811",0.0003166363396943561,3062113824302
66,73787990,"NC24PPUNIU4HKHTWYOCNDFTOSDO6N5W2Q27U6WOR","09f22d0821eaaa2a6d2e9663110382fe90f4db40935e8624499a3a4fc51ae4f2",0.00031662844666519995,3061989136449
67,73787949,"NAVZ6WOFYTPXZNZ7DBAROZVFKA2AMSGZNEVUKX7O","4f149341c08352957587bd67ce5f2efb16464d818e18d9f0908fdda98099769a",0.000316664437625212,3062537275825
68,73787914,"NCM6LG2QRWM3NG4HJR4TQMMAMVV67EN2LLEQZAWU","316a02551efd089b0161169d4a76ee427794a57be74dfe79d60bb0fc787a4e5f",0.000020644042626771854,41574150546
69,73787855,"NDTRKMHA3ZKSUITGGF6RFG3HXFYUGPOPXGQKSXEK","8e97abff624957f4412d7dd65706a6f7e043f378d45ae723837b97e7b8fc1892",0.00007067671385296764,551250881989
70,73777079,"NA4U2NILIGOREG7CGWM7SOJA73NVJLPM4FRLE4AY","cf363dfa5ba99c8b3644d3cf27908d92e4b12894bebbb87e48ab8c5fe1b16965",0.00031278923476647644,3022921898236
71,73772503,"NAEU6X4NBJ3EKX65C2A66SQZSH7S4IHUE5DO2YVL","1c432e03e51430395e71ae9c97dd6e19882eb09aad2563ed73a1a975a7a9fa46",0.00031688946758890276,3064326849141
72,73771793,"NC753ARFUK2ZTVYEK7HEHUQCKBYTW52BPCMM26KD","eea346fe361c20fa72f24c2d2e2f5c95b36bc6ddd58d8a3d394aa35a3f46853b",0.00025980433628764225,2478568000000
73,73770376,"ND4447EE5T6CPEIHCG2EVVV72UNERAMSXBP4RKQZ","d85d77ffa9872ffb20f13be33aee76caa8df932d198f24a6aff39cb2a01e4534",0.000040607660121025306,245222280260
74,73766188,"NAOAAGUPTO6P4CW3PCS3XXMIVBSG6YPZX6EGGQUR","9f3a62844bd51e43c9f1f74ae77dc06ff7119c8bdd65987434a4c02753e32d1a",0.000034707484960309735,55529407496
75,73765952,"NALICEPFLZQRZGPRIJTMJOCPWDNECXTNNG7QLSG3","357c8159ca207ad03c5909416c391872d66483e58b0caaaaa7ee22e874c51268",0.0008348608632819224,7449143826291
76,73764868,"NARY5W4R4VNTGGWTCXCYOIYINJM7U26BW4RFJ7GR","9a8f077efaa0fd83a53691fd51a90fc7570a79b4ace75999a50232f7a79d5755",0,7144000000
77,73764467,"NBHT47E7SMI7PILFHANR4FZI4ZRKPJ4PIXL5KB3K","3fffdd7421621ab8386c73df33f9748ceeac21c310506de4bc9bc227d33b04e9",0.000018367021858715855,15014678771
78,73764393,"NBQKP6MAXLIKA2RGQ27N6B57PMT2MVFS6DV7I4FV","8da844ac72c9d76a5eeb1de022a8cd188baafbe6ebd13ce749b176233ea2133e",0.00005092836408143338,350120049007
79,73761635,"NDQSDPQQTCKIGNXNPIAEGNEW2DBZVXYYUQ57ASGI","1164fdf288905fde2681a2dfdd6504808a5e04677694b36796aa4ec23a76378a",0.00014627522362975896,1321756751152
80,73760275,"ND23JNLPNJJXR3D2CJP57EOG7LFNTASF6DE246HW","d07e3eefc6b55a704cf3c6eabb5da22815e38b6bafad96b64be073665305e94c",0.00003123544213441268,149664027170
81,73757612,"NC6GCIJ4OR2PMJCKCYQOZDNLLKANVJLCDTLDMMIH","7266fe91e1a3373c04735a7de163f933cf7d3253932abc4d5a261d2481f45eaa",0.000021614931381413763,51459064403
82,73757264,"NCUCOGPKUVAMY263KQ3TMIF2377WIQ66HV7INYMA","56f0c1b772be3f965aada063469965b4da5bbad9273752cd09fc11762bd57787",0.000028790791470139052,130516534000
83,73754723,"NBJAHNP4RBWFTQBGYCBNTVZIRX7JLTHCYKMAO276","44511f6a2c1727b42c4f31d40856d7db3de329f6930073e566609aa0443c4eec",0.000019424320527907604,34545903168
84,73753970,"NBR57Z7FZZY2T65M3MP6WSB2E7HIWBPUTBW7RB5A","c8022369ae13d299a0071f8fa4d21495e74ab6c4c161012c9eaeb144ff785e8a",0.000017838541095171054,20019808493
85,73753285,"NAIQOU6GBXQHBW5BDFOUU3EW2FPM43FBNKIVP5EF","e3bcb87521283d228807142036df8fa033016d4eed098cfbe28b600e84d4dacc",0.000018573760800182548,20468000000
86,73752982,"NCUFZ5VXD4ISSKCLSUQKPH2ISLZZMQUZOMIT2KGJ","21594036022dd7989e94cc0758e2d9fa41991ace6a609f3ca941bcb7ff301698",0.00034881130832486914,3389555782745
87,73752741,"NBSZOY7QUYLQ64NSLN3IB666QU7KLT7SFXRKRNFF","950b033880620d6d94be526b4b819df260a95e499d2741572c8bb6e139d33072",0,11680157520
88,73752580,"NCAOIRVDQ5TUL25U3MAE4HV3YA7GHW55V7YJA6IV","8e5e4ec1fd9d2decacc51bff108afd72ab0ec702554cf775ab0598803ce99aff",0.000020179684901637918,34128665964
89,73751784,"NCVKHLVQWFJDI56RIVKOR4HEVWVKLXDN3BGUJU35","f964c9e902834f48d60ef29dd3ab89de70b447d9fb3e02cc973fd9143afecda1",0.000020438193571701386,42142763719
90,73747489,"NDWYJY4BS6NM4TLP7EVMVNMFBRYP5ORJPFPIQMN5","aa50aa7f1bb21709e33dfda591d25fe99bc100766eaa61c5403a8683e9b4cf9c",0.0005100865098051241,5029371061576
91,73740340,"NAOW7GBKKNOBWDWPM3JUFLJQ5P5ZNDJTV3MT5MZ3","483b8a2f0a8ee1075da03a3adb33abd4b5522c4d268a6eadd808423372573820",0.000019218747769580524,26193000000
92,73732748,"NB2D7QLWI2EGVB5467TG4ESRV7GG5G2KUQHS42BT","2f3a55d4f02461a81571b02a3d2bb8dbe92e2e49a0ea7ce31cc75dfc60f86fde",0,15307000000
93,73731909,"NA6XZOLPXS3FIFELZLGE5BYCKELD64NNDF6PNF26","91eb321e9e01da0efb1ed04d39e620643dfce4fb44729494b82ef41446f1da15",0.00011509609841130067,1004064984116
94,73727681,"NB4ISKX7GUNTTIP23CFCYQVYL7EI3W4PTS7IY37J","cb00e77893f1054424d505f9a737a3f2ba174c1af2a4c6e02718f12e83e5fd38",0,6249746667
95,73726496,"NBTYJCVLQ3IXOY3266JZ5UYBJUXQ3MMCGZFIETB3","748fe5a0a9ffbe00ae2a7721241e6e8443c420f2869fb1e1f74bbf43e33213c6",0.00003831256145936461,221591543827
96,73717084,"NCRAVWRFOCD3WMXLDHVRSP3HPOVP5BJ2BTET34YS","5ae994b341750c3e01564e20b5b77fa82d89ce254df172808774698827252488",0.00003158820391108131,168437445794
97,73711069,"NBMU4I5MBV2FOCQZ4S3CJQSQDXJFICU5LDMASQ2W","a7d01933442c98bfb0663eebb7f9944b0eb16ec34ac60fd5b19da094bf527f98",0.000025271480734340874,88970812932
98,73708754,"NAY2H42LOT4UBEX62MRWEBLBCBZI3NHNHVD5ZHA4","0fd41de8892a4146d8a372893d4efc232e99597ad4d2d28c891972f4b1f390ba",0.000017665251298588846,11183558614
99,73708463,"NAJNQBKBYXR4VUJ7H245QCT5W4PPV3LZJNG6C7HV","147883eacb8c6fd89526faf0af66d51409728ee4cfb359997a06d23bb16c0d3f",0,3822490
100,73706609,"NCQ3MQHS2APXV3MLIBOJHFJL4BPXTUD6ZICATNZX","8cc5bddfd12cc1ab56e03615c25b2ff50630bc0ab9a7353635d41bbe109d6846",0.000019011525118199888,24986970000
101,73706373,"NA2GLCCBFNOWMU2TSQ3QY6HEYM25KARPF6VGYNPE","9868db79aa0c37df205c33b8084ecaa609bbbf4c1116949391be3b243eca551e",0.0003107140967973621,3007611202446
102,73705492,"NBID33X4JV7IIWNYRU5V3D3XTCPO5ZN5A3XIDZUX","13f1c56516966fca951833daf7d6dd26f21f59d3b90fec5964057613bfcf8c84",0.00001947139332751461,26712292676
103,73704738,"NDHHFUYQ4GGDCP73NIFK7B2HSY7B7J45CA7XNGL6","b43800955e3b37cad502899b04a7e5b556abc9fbb4ac942e9d1abc776554c47b",0.000019094996593993243,25983349000
104,73704615,"NDO2NZQ5UNHOZKGXK5S4KJMUXN7KFX6C3JJA5CZ7","0e95dcff8ffb8cb5fef6878636e31f7502e8251ce59497434960dc04f5189c9d",0.000018137756468138024,19380000000
105,73702156,"NBSKV7YH7S22XHJUG57BTE3A2LIBVCQMLZZ5MSFJ","0151ab36f296be60f6305078f6bd7f90d06d065bc3b74511bc8cefe27de0d660",0,156000000
106,73697501,"NBCRAKCFXKHXZVQ76WDHN5YFT26BIUCYL4QVIXYH","32cf22ba70db0fb5de8a296575b3efca0a58c6f5430e85c8053b30c113b8304a",0.00001781243114810829,12689627995
107,73697079,"NBO43DN5YVOXE4AZJY646JXR4OMHRNN77IZQSVAG","cf13d82738a6f2b76bd3e34ef7b63c22268611cf394f5f856ef63344892c860d",0.000020783674021816097,43796353152
108,73696791,"NAHAT7TXTSBTTLMHE77ZANIULFMEU2536OPJS4BP","ef1f243a94f6da73e3f4a17c71a46daac16b925cde0ba6414fa9e5ea91e08218",0.00028186102916910214,2710552482198
109,73693265,"NC22KZOHQHDK4CLVWLZODYVYNBVLP4U4HHO4QQFD","b3b7c0fe2793bb6f93ce7c3df5d893ef2b78002cd603d1752d3868d770e541d5",0.0003119035940405542,3013864827745
110,73693145,"NCL6Q45CKCYHQOZVK4IENM4WOIULHVLD3ZQLSVLZ","be02e852c720ad89fb2f73160883b5b6e74b6e1a512ca8dc7cb2b211f5010e5c",0.00031191948700017957,3013795950997
111,73693069,"NATKCFAODAVQMRUXHPLLPRXTO2CMEJXGUFWTBD6I","ababf6e265b6f186aa05928be257ef8851d8dbe8574bb251fca78f5b1801f539",0,1336406175
112,73691524,"NCCSN3DFTTBVG4GNJ6CTOVTCOV5X4E4ZJEYKJ4DF","50903bd3db294dcb9f43aabd917cf7a8a41a57d1d69528ea40c1d2fdd24bd3a6",0,2000000
113,73689800,"NDDWA3Z6ZR2Y3MLDNS6X6RX7CQFG6IK4E44RPQ6A","17222b83cb0bc04f84fda4c4439409948ad054607bd27bece51979187066c660",0.000018052288834938208,14958814331
114,73687841,"NC7EW3NIM553JJOGNIF7PJ43EKP5IE2HOKT6FJ26","3145c360c28e986a3d0d9b8ea3d276c88507f1afaba2820931aa4c0d1727b8d0",0.000020520806262629943,40025275533
115,73683348,"NCQFDZPBFTO6OIQFBZ4SFDQQXM7HIIXX6JERJMPD","38f9ae49390b24b703d9981d64e01b9c5f12c9f91ddb702512f9630e9bbfd9d5",0.0003159405906443681,3054639351206
116,73682919,"NDYGDZWOF27VMOVYJENRO5SKMCK4XTL4UXDJRLOC","73010a09ea9798175358cc499f94ac21105e79f01ffb8287ca4b2f8840ddacce",0.0004830671790200375,4626671509513
117,73682659,"NCJADGY4THJ2X7AJYWQG7W5OEWZX3G4FZY2S4UZE","ed32dd858ed2ab10bc2291e7087fcbedd5531e908f09019fb0b6db4d9b6a2b92",0.00018830763800606473,1750021301187
118,73681938,"NCSCR56KX2XSGBG55VEUQCIH36F2NJV6S4AXQYRR","9eb017e85fa302ad1ba66b232a1948b845a874bcc7e8635c56e4f2e50e43fd54",0.00005179749746068075,358108446062
119,73681750,"ND4OXZGTALNBYUAK42VVF5EA47HLIRM37QKMTSQ6","20e66789e539a2130ac5aa88ac1518b90cd5b7b16714e92cb020f27c248749be",0.00003390381459219164,182199161895
120,73677513,"NCHSGYGX5BOIME7HUQZKS5S3QRDDIU23PGCNNRMA","a7c2ef70e1b06e03acebfffc30f6ed956e0d0a3f1ef777be897a7892a9db432d",0.0005085928821691547,5025718962544
121,73672566,"NASV2FHAFZTY7GIETLQXPVAH72RQ5VXJGNSFA6R7","fc0ccf8cee3fc910617d9f62a7f029f35e35b5e9724df91e9426c80d3bce4e09",0.00001791650976105195,11986000000
122,73662263,"ND3CEHWCYCFPQOHEIPTELFYJNPVH3IAHZQZVER46","0ceb5579cf3838e8b366ce6364c33a8e9c02df11581230b83d413450e39422b4",0.000017750706706078492,12151141962
123,73662237,"NCOQSI5POR46QTLN33HPKRROVG2HZE5UPQPP7AK7","aebd6355e70f2b6fd18ebb9dc6210eacd02844574aae05e09b3fb47c8d902c59",0.000017758077194678782,12196359152
124,73662205,"NB4AQ6ZJH7TMUPMEUFVXOBQ7H53MKDDZT55VJ3UZ","5e7270a1ad2b4e07c568ce5e27464395a0d16882620d36bbfe3c6c910c4034ee",0.000017864016938123976,13292089473
125,73662185,"NCOKVWQENM6VCGD4IB6NNNDPLPJUHRKXMOQE3YV4","28c2663894d8a0a9ad8a680dd230746fd7d758bbf73698f93000a743dd256084",0.000017802589714342798,12711336685
126,73662147,"NBQ64Q65BD3B5IVRGD2W7DX4SN2UTNS65X6PIL72","61fe5ca78c77bf1b90ad920ba86b9a596670c5374be78587e5dfb38b773e5ba9",0.000017794964116685314,12629000000
127,73662097,"NCTKQ4WYCPFEEG6DYKM5BGR3NGAVZKY3CU5OVGMZ","de7561d9c3b9e632c8a04f358ea9146c0907e6f63597842053165339d5ba446c",0.000019937968610813463,40715000000
128,73661999,"NDQBELDM6XSVH5ABAQKWRRNV7UUFUIJLJB6GYURS","56aa524ed6a552d67441561ee067e8a905eb7ef6abc01f7d2a202b743ad80198",0,299000000
129,73661908,"NAFEDVT7GSYDG2LYOZZK4KSOZUZZ7IYPWX7BAB6X","b1bef5090ca526a91a398cdc17eed87c5bade0794b80031267ee635e82dd379d",0.000017795324114260873,12645000000
130,73661462,"NASWROQAWW7TEHWWENVU6MLHLNUI6767DSMCKTER","d05f228cac40b93109b94c36f22ef91d695f1d210ab96242e1da3c4c75251150",0,11068000000
131,73661440,"NC6AU7H2N7VTAGUL4SFVS5ZVNWJKV4E4B64UFAUA","4a081e96d742b616561fc6824e4dfd620c67bac4e3a62a20c77c08fcc9cc99c4",0.00031242366403687555,3006473781237
132,73659828,"NALXMFQSVZW7Z2LVYAALPAY3YWYFXXR7Y6TRCFDX","f27264dad01037bbc5866d09bc8cdd024c8ae1aadee9250dcfc76b9d2c485f34",0,18375619000
133,73658774,"NCJG3BJ3KMKVXTIUCQ3IIWSVMGKONUGMDNHS6YVY","af298eb85644647f6c5381f12f1c19bc7d8194c77cad4e2841183e90951880ef",0.000021476201558430345,50011936440
134,73657680,"NC34TRW2DBJE774BB35HG73A3MXBRPOIDYA4KOYK","4976f033a8aac7d491b6a2113f31ad862d8537fc7316f64cc24d5bed46065ade",0.00004030346893032133,252018553364
135,73650215,"NCP5Y2L54ZAIVQ7CMHQOVPJI6JRXSREKEOOLF4TM","5ea6c98cb2eedf12b252ed85dfb34e41601afde1043d59a2e2bbb5b96634a136",0.00005560781500874068,397846525930
136,73647722,"NCWFI7MRXX3WUYXDFSBHPOQEPDUGNYOXAYAOZECW","66dd3c1e5d1c55bb33f77397416496d0b580c4bd17149827ff55801f6a8d6743",0.000018755767923918786,21381489000
137,73642469,"NBE3J5ROCMFKNBC6MBDIUHRO4QBT7LNUYRY6PA44","46c0006bc0003203b6e85779ba8c48a4c500ad6369d862608f494496a639ffec",0,4533000000
138,73641798,"ND5VSKQIOH3LTQWH74FTGLLW24FXXB34R24FG3MU","0e67fc93737870f90733733b30b23b598fe43134cbe26ce3de51c26166b5b33e",0.000018592125354919625,21014187695
139,73641300,"NBIEWQWAGIRZCVAPJ6UVDY2AECSHTNHZXZP6DLK3","b58510d53f31627ac972002187fbd43dff91e1eab70365dd05daf718fed73352",0,1997141639
140,73638575,"NDVTBACKFPE3RCJFSPEQQVOIYQ5Y3ARPZI6RFYP5","76642cecce302f3c0dc89ac533ede9403f3e7eacb21ce0ce85268ccd8749a726",0,0
141,73636223,"NDNON5QZR3XYXCY75UFPSYORBDXNNOARATBZNEKO","3e126779d8e7eb1eb5123137bed72bc75b49d59280b9b4d01aa3161c16319bcf",0.000018501303477459787,19963000000
142,73635713,"NCSFI6CRIMEN36AFACMNVBJ7DNIBNNBQJFWHNZCA","f49d98c9185b1abbb59ac11ea597d29294bbfcf9198cdcf36a64a276abeba543",0.000020757225316664497,100302000000
143,73635063,"NAPVNRDBZIRK7OLBQROSZPMBDOLHC7GM7BZVB4IN","95d66faf133ee85d19ab7fe04829a25a43094d2d6cf56df2ed86b5477722cd3a",0.000018206508874771265,16978065810
144,73634822,"NA24JBGP746BLXEWMK6FKRLCAK6P6HATWBBVJKSW","389a9fddfe29e1a2efa5c549f60a45c9b9f31b23ae0e6c82406aa8a1d12d587f",0.00001756729427746734,11978000000
145,73632289,"NBP7NVQYCVKSVYMR53E2Y6UDX3UUUEWVWUNXRYBL","26dbb2eacbc2282fc599e79e981b3473c5e341e3d913e8d59488a24acc7acd41",0.000026457593204470853,100536607905
146,73631522,"NABGHFR7QUWBXHGTBZT52JCA737AOOOB3W5SVJFA","adf7a218cdd64b3d7c32bf27aa4b0bcf614919b4ce2843dce59180fcfa3dbddb",0.000021413199455322802,99993000000
147,73629655,"NDJB5IVSG3W3YBG6W7KA77THVWH2NPJV3IOQ5YOK","cf61f4519f6b121e964d553438fde752b11f6506bdfa9c1326a3cd56c839e5d0",0.000018367098642483527,22400498000
148,73629031,"NBQCLZLKGJT3BIO6TOFALZBDRTCEVIA2SSMGPKV3","b8aed2b6cd74ae9ba9781f7961c60d7c7eb754e0827b9f6a6fd2109a8fa76ff3",0.000019925160213424297,31783000000
149,73628819,"NDCAZQNWIFLHMINJZI2ZSEANOMPK6A3NBXXR33OS","9254d0027065acdee89e6370709683cc4c9e4e17d86cbdf5c757e6969ac498fa",0.00014231967257015182,1040782544663
150,73623843,"NBWXSDGJED6YI3HYWZK3255FMOJWMK7SEGBHYQWY","63b5018aa449e6671fe0bb9dcadec982bf0aec57969261ca32793c027bb79cce",0.000028396271198524772,134411773781
151,73623838,"NASYDVJD3CVZOXGFFP4MEWCWDXIN4BHZBMDQJ755","fc150b41d442e34c0c53d2a42eacddb33a4d743e75cb0f936b263e2ff705cba8",0.00002605881790408303,97679384546
152,73621447,"NB35CCRAVU6F56SSWDL7ZNMIURCAM45TWVTRSOWC","2adf3bde4aef405de8938acb47074d7fca4a4e5b2f281e8e039fa069c943e170",0.000017922121733257245,13797645000
153,73619645,"NDYOW4QBZSHIJPVBXFUWCN32IOU5K54IMWVVYP25","0a0bdc104c93297f7869201e564b35b28d81fbc9595e64f34cc56af01114454c",0.00009422705607163096,809605629849
154,73618893,"ND5DPV7SAGMYHZILYVVNZO7G6YXOLKMXL2KGLIDC","19fb0fec5418a1272bef19ca0a0b8ce2e6ea74bb69fe0e9a2041adb2158e0a4d",0.000034258369329666184,180866499925
155,73617614,"NARPISD5VDBQL6RYYSDOQFYTOHB4KGSLDKKVLY4Q","e6cdd8077638679cca906590dbe7828b5062363a189e63dbbf75727be8848d89",0.0000692370848761825,536687259999
156,73617536,"NB6WHSZOYAODJPB5WCBHAT3J6QD7LPZMNSYYX3T4","51922bf929a1275d2d7bd31dcb6c3cf1364eab51ef64d2dc29ac8c46004ea310",0.00028168777870649623,2701560998044
157,73617202,"NBS7YSO4DK5FRRQMYVO7LR5AIMNSARSOR6QENVR7","798af814508b15f3463a4247320f5470e5b921c2bb2654acb18e6f07fc701b00",0.00003622001659468314,200277525629
158,73616532,"NC2AYICBOZ2Y32TKPN4YBNVTRWMONE7IJ6XMSI22","4fe7160e2db5080dda68c7490a63f1cc7a486f7d068ee99d89bb16bfcc86b737",0.000018487294225725934,22382010280
159,73614433,"NAAEWHQWSAU35EFTMKDU3UPTH35WLDG3JKLZ3MYB","d6fc2c725f4586c4f77fdc0571584b7d8b46f5681b9468f86787825209c70735",0.00001782608591173141,12765941841
160,73613037,"NBDS45TODJJBBJD6D5NHTONBLTMB2VPBEQ63FAHS","2b71d4d3363e55de9adaa1e4684552d1012bdcae2a7ca92eab188305c515e2a5",0.00044963080505608605,4412795479342
161,73612746,"NAOIJA7HOLLYO5YGLXC5DMZH6YHZ4EWAOYD6JYA2","5724f6194ca7eb77b7634bf63ff849a35b6d040de30e817f9d16a85a9f70bea1",0.000029447312622983617,131236092460
162,73609799,"NDL4R763YQCMWDDA5HIW2ZLIZ4GZNAME4IZP2HJH","1105845c41d283096805810e40289aa754d46fce944cdea47448be7391b485e9",0.0001650764448715502,1510206811234
163,73608082,"NACOBQXJDHUHDSWESKQOTAZLC3C34QCHQ52X76CI","c908acc82ac6babe59fb5305dd5031650e3e49e38092b01c74df0a509ccbc55d",0.000018043746468286946,17305960077
164,73607926,"NC7IKKBCK4T7BIT2HBG5SMIOU3JIEKXBRXUULDWE","0a46e0362010e761d6ca3dae3704917ef49e45efd3e744b77767280dbae63734",0.00016690376577791705,1567617633054
165,73607289,"ND3FX5ZQN77QXM5UFCCCVOIAO56H4EQU7JRPXRQI","a3d057c75e262c9673daed669a6d2d38b0fd52299233bb50a579201136957c98",0.000018506778211125737,19755000000
166,73606936,"NDDFZSMZMZA47TZ3S5FLUWGOWYLFSIOB7LECBS6C","8a1fa2aa8d2b16f88a8b4846219628d7aa6bc1969c02b49fe5d98c46f7d830c3",0.000019186199013097084,30842500000
167,73603869,"NA3U4HLCACTW4QMWXKLLJP3REAUOQY3F4CPLMC6T","cd2b2a9816d1f8a0d9332d01764831ec6e3a41998e2bbe4981186a8b65e82146",0.000017626453391945116,10983405068
168,73603404,"NB7252G3Z6MDYB6TVGZCKZGMFCVQHL2GF4TPXK7P","67277e70dd761cde0dbe60c749853c23ea3db3cc0528db80aaa63395bb794d61",0,11998000000
169,73603382,"NDYPK4XPG7MRZBWW7M3Y64C77GXAEV76MAQZAVRA","307bdaca49e94e4586cd024e167981127f7e5e5ce2aa205679c00a1b6c983275",0,2105504924
170,73602265,"NAXELONHBATWGKRJA6SE62YCHTA3U3OC4MEI2RCM","717205376de128748f534c6cbbe9971e0e1c4bd1c3a1d4209a963c91ba8a7b2b",0.00031402496692188743,3035422733205
171,73602245,"ND3XGPOOLBUJV5BHFC6OYFM6N6ASATV4KIRBNJXS","f1982c6321a6aa13a9260ba917e64cf41ecae407ffb1123086b097bd37307872",0.000018089643166000048,20001000000
172,73601388,"NACHUIVTK4CLYQU2LDCCZ3KEA7TJ4UTPAVMWQNFT","5123259e1917243fe98f4d7951d6d417c18985af50f67cd9309f318c996bc49d",0.0003141117139185096,3035983002817
173,73601332,"NBIRDQCN2YFGYLPX4AGZHTEBKKDJYYGGNVJTPKKD","d478f346796d3b61988146df932607c63b89cf01b76af061c5a0ff6e52c1ca03",0.0003128084340137692,3010441104243
174,73600674,"NAIVE43D3SLI5MFIIXRFIY64RKOWIYQQQ6MBM2CC","43d7ded38859bf03ed83f23c7827ddc27148af65635d747cb31f5902ea568fa1",0.00031079327290585266,3004153759761
175,73595940,"NA3UYLHRDZEOCRJ4OHOF7LAJRNIL6GZRA2AHGLJB","e282eff8f3907ce55dcd189eb9ac7f6cc6273981f85ab6562fec1a3853ecd687",0.00001815270188063591,16176941608
176,73594262,"NAAH4GKWWKIBMGAKGZAAUEKNGRR5KPWWJJZEVBPX","a11a5f29f17342b57d8eb3f1d9d1850f4eec9a2a5a42110e99d1afd882ea74f6",0,10030000000
177,73593552,"NDKDLD23BBNL4WX3Y7N32JBG3EOPD5SMOERV56HK","5a53f9e52eccd9b1936be7fd08c0a2e632a01a8c86dbdef3262912622eddfe80",0.00031518163303520297,3044899517730
178,73592945,"NDK2TUNFDE2YWC2YNNJ75SIKGQCJ6KMVQX4EYMCQ","f8f115ad28f099323db8e4131be202434727be9d2df38440cc83320dd161cfb5",0.000028205458614155866,118595500000
179,73586721,"NABM222MVKDWBSSHR7DOXGOYNHJTYYNO44RBYAIZ","5fd8ea6b50f36a765111531071408351106035038888ad3ac8440ccf2eef2713",0.000023397994068070646,91005247070
180,73585918,"NCSBEJUM6CIL7DM22KTCMH473RRHOWHKZ744W235","a15ba506e532f3770f840c0df104252ac90dc999ec82694572cfbc64e0d9f5ca",0,114000000
181,73585796,"NB5QDZE5U4XBMIRPSTXPNIDPVLUJC4DN5DLBKYFP","493afeb5af73599b511f83ff277da798e430e69de4167c52e804f996ec2cf3b0",0.000021347455706502824,53104264841
182,73583924,"NBBAP4S6LEILOPYFLNLLRXQKHVVDIGTBPKWIUP76","49b0a6199ac23b02f10250202736349167e694223cfb999e16ccf8e6795e3065",0.0006063661535041805,5759654724024
183,73583910,"NCZ7JLIG2PVYJGN7INHS65TBSW66AT4INETETUGJ","b327e124b6494acf8717a88c12b22e3e0eaf1b1dab408e969b9b0edc9ad742ac",0.000017668505073083638,11742814376
184,73582578,"NAF6FW773SV4HDY2ONACNORZMNHF7BNUU3AMUEAY","4f7ca1c4083cb2f0b52f45601f60c13ab45492c6a4bcf1bb4353ef7cc23b9a7f",0,19020724
185,73581719,"NB2P23S5CAL67LZRRJJFPUN2QYZ7BDRJKS4ROJVT","aa9782f849f5494bf46223f7b7208e3a90adf967d399bffabf0999ab38b12260",0.0002799459979896508,2685745054990
186,73581300,"NCLPVCSJNFV3NMVBVZ44IWIRKF2OWCCKCWNSOSA3","a49e0592b2f5d55479fc5dbc8f8ad43d26b7d8f3f387952953cdeaef3a425ad1",0.00002218776667416488,57445554012
187,73580768,"NA36XKY3R3NCMDBH4EV3V7WAK2DLXYB6MX5QP47I","fca102176dbc76525ce62c52ef14284c65a8bbaa00076531f089b623a6dd62ca",0,543592500
188,73580381,"NBPLU5EJLHRZXHU4MLRA372KTTDIZNWVPWUXYXT4","5279130a96502995d09671a78d8aef5eb6c281a44ac1805ec2215c00efd27b5b",0.000017579563525579406,10496533000
189,73579713,"NDF3ODIQNPFBTO76EMTYV4CGYZRLW5GQ7MBZZJSB","75f0f379673129266f7d1fdd609e2f1885b2d422c723ffc0f26f6850fbd4ea9c",0.000019416099947580856,62676261636
190,73579580,"NB7HS4PV2MDF7XHB7K566FNWUNVDLUKQ6NTM3MS4","cf6279c0eda8c8c06ec6f0658927c226d3a67b6b30cb8ebdf5862f33d95009fa",0.00001875064427987633,22250457972
191,73579255,"NBXMGDIL5XX54L2VCH34QQTDBKYLLZM432YZ7CZK","6be0d00cedd1285c80144ef5d905ef47e71bb8496d77e06ca008089ae98d3d89",0.00002125284813236606,51094959304
192,73579192,"NAQISW2T3RFY5CIKXJ63HK3A573FDI4NLZHUQIEL","04d381e521562a90ba12617c9f4e9e0e497ed89a323f52b147210f08631d76b1",0.000018458355452790023,21220200000
193,73579004,"NDHPZOC2BUTM52ZBMJ353OQMIYAW4OLJUDKBR5E2","eef4e33e183db7748c711356d7c206c3203cc72aee21fa35375acce2b540dbd8",0.00001876971203627298,26922322601
194,73578374,"NB5GPMP3Q5JSXSQ7FKSXDES6ITK6BF24B5RIUEYA","fe8d7c07a16e56596be6ff663fdb101436d88452f6fda536d740560e03e1f48b",0.0000215740952227087,50168018768
195,73578289,"NBE7XTMC3VNMGHDZUOXFHUIEAQ4A3T4BZ4PZFOGG","f232ebacbb5843f15b07ae7c0de06f914f408394e8d621c2a7d094cd9d1b3ae1",0.000022178313900412797,56365638706
196,73578237,"NDT7PGH4Y4HYCDC3R23PJQSKKDYBIXGR2CS52SVJ","76174df56a2129bd7b0b4aa7d42faee85dab5d44f50958e36b60d446af0fa110",0.00003129287318046556,150041000000
197,73577922,"NCTGTDHK262JWJPVA4RSVY3OXS6F5WTOGIYEV2FI","102d57d8a2e8047f5750e7d6dd117ccd676a7cfff87398906d27b718dfcd3a4e",0.000017569590164781174,29541000000
198,73577284,"NCTPEBE22M7IZ3MXESEFHK3IFRVA4JJRH54VBT2W","5721a1de5cb7af638fa3fe272a8e58ba44cc95853b9d949539716101bd82d94b",0.000027062311188431732,105584000000
199,73577170,"NDK3JABZMIPJ3FLC7N77G3VB4U33XODWKYANSKXM","365dc183a0d17d02988e0506de51343f04aea203c5ce3c6b6cafe20b7b63db07",0.000022964585984765705,65276187226
200,73576674,"NDSFNF6XXQWVO5FACGVIBB5BEMYW4BV7XWKKLKZW","431f44995610fe12064b5f7fe2862e9e70b0034891decd68551f646a91cb052c",0.00005464650267556017,400525781794
201,73576594,"NBIEVF3IZWFUM5IERS4BQHALWZZT4XP4YEK6RA2Z","9224d6099acd58e97d813faeac0a7003deb13c4676794bf36c41a7ea3b24d071",0.000026819029214849932,104470576000
202,73576524,"NASFA4AUILOUHQZTC4G7GTMJ66BRXMC4VYUI4CNM","47de3ae2e7774571187309f1bb3344aca9d2e8e837dbee0e57d43470fee805ec",0,10070853658
203,73576326,"NDCWGCUSOWJBD3JKOQOIWACPWMCVA6LVAWYPC3PI","ac80d7c5ab82d0abc68b7895edb91d22d0d548598547add0973ba42388664921",0.00005091557394506567,349989000000
204,73576200,"NC5BHJ2JLMZ7MZQW32ZWEP6VOVWBGPQF3CYE5L6R","b331e6516bdd886ebc0ec19b234660f39de6e612fe2059673c02bb08d32cc147",0.00001825649527199095,27112891000
205,73576190,"NASIDPUZA4DBM5ZJW53QSFCUJYVMEAZ4TZUYUNEO","f6f11a562c87c1f255282f919091ae4501a1f59e4f1c6294485cff571fa5d65f",0.00001954643380613442,33998975658
206,73576158,"ND7GRH4SE6RWK62XQRYWZ2V2YHVVPN23WRFQ6JIZ","d0a5b928519b0de9fcc0dd1eaf56920be3c94580472ec3499e47a59aef07df11",0.00002687370113718926,105020000000
207,73576077,"NDPHAJOF7CMKSNEB277A6GZG6SMFYC2U2ROBRBII","95046971ab019bfe1aa2dac285e414537636e4383db0c3f47474a958fc275ec1",0.000018420346995037694,18874050964
208,73576061,"NB2KOTEMPDWA7H5UNBSA75IKBXLE3RQU6YQOQWHY","336cc491d23718e09bb636fed805fea29845c2715d2d5c148ad350a265e3902a",0.000019608646400509137,31226891400
209,73575415,"NAA7PDDNSBY3PKBJ7Z7P35YH3YIR4HERHPWGNJL2","8a2abf0b8420554ab00fc337dca4ac6a29b2340e03c44dd53caeeeebc9c983d8",0.000019661176803108358,30222544889
210,73574624,"NBL32CLXKKKRGLEHEBLCOUYM53LC4NSWPZ5TYYN3","a2688da1ef7e233ba59af3624865497bb668a3d2a66f3e628dd7a36f42f60056",0.000017717947517803045,11883073852
211,73574525,"NBFOTZ7VT73CSE7QZ272JPFAWI7SZY64SS6LCIST","b88f909aa5263ec865bede561cfe945b6fffa6269678727243288cdb03bf9caa",0,20594000000
212,73574511,"NCU22HBOBYUSJJPEQRZ645WRTPLIDAAENXVZUJZ5","0318836d494f949d9bf9dbe3d88ba310c4e20113ad4481bc79dd0997d437b2cb",0.00001823034826501388,17580408566
213,73574112,"NBSMEEGRBS5WXE4FTWUJP3YGLPNXWPLPW5VZ72XY","f19d1fcadf39a2efd5c5661455304a0b80ae192d72624d3e61fc546a310cedfa",0.000018491469034064473,19688333000
214,73574064,"NCVGXTCV7YYGCUTOWRSEALEVHVTDFRJ54BQYDKTI","6fb80c4fc6ca00d33c24ddbb83127d447185468a2172a536d0909cbf7de9331b",0.00002438601532607031,78376102494
215,73573853,"NAPPVMS2SNCXYR2NHPLBJQN7SYPIUN75T5BPYEPR","e1fdf5ae0503647e6d2a0664b43f5ba138b2a694977813b312bec6f4d3f5d8a1",0,7847260000
216,73573125,"NDFCXJMDIG3BQKNCC64ZPQFQOUM4VIQMTTUODM5C","e8913abfa70ee126e722f93057993fae1b8ec4c8f0ab56c68ded49fa2be682ec",0.00012618509734424143,807435355889
217,73572848,"NAENFY2NZ4PIPFLXTISC4FO4ZY4LRPMP7IV2G7AX","ace49f06babd0e7b4dc30c626578097f1cd595dc7fc26ea985f1a9d3c66f33b9",0.00002624056298865358,100044000000
218,73572242,"NC5TLCYK4GRATE72C23T4CHNPN23BW6LVVWUXV2C","30904c34b21b863a5736b20349e8ea9d86388b458b379d63bd07ca99f59acda1",0.000027653188504187267,113103593476
219,73571838,"NCJY6SACCHJWNURVKUVY5GPIOESDM62JEXB7TVRQ","9ac762d604f740297487e68315e1a37c92a2f62060f6e4f23460921ee4f8f4d7",0.000029605181732648568,140083778404
220,73571128,"ND5SPLYMIE6VFQXJWM4HVYVNS7ZKYG2GNCKO4EWE","c706e70e45c4fb47bc99f8e24ebe48f6d25fa4e7ccd1294e3f83f3ebeed80de0",0.000017913258704673094,39551500000
221,73570827,"NBERMO64SBA4IGSMTR647IVOHUHBZ25YAM5O4LA7","6cdd9d2ca94ed36ddac4c687f629a40d6caebd42c00f21a669ba93043843692c",0.00001794860083937855,14084571000
222,73570584,"ND5OCSXHMXVAJRNCRK7WUODY3F6Q6FFVOHKM5M6Q","d3a131c5249fcb4bf789daf07ff12dded457b17dc728791b00d9a82a1aa25ed0",0,16918000000
223,73570179,"NDJX7VFOFIM727ORWEJJ7J3VDKEHACG3SFA2C62D","5f9759d764d8816dd1033daec8518cdfcd0d8b8c2b2ade555b81f6b4d07c0d7c",0.0003261140961727457,3158695911683
224,73570066,"NCW2WJMXCISOKKUFZCOH3GXXLOQE6C427PLYPE6D","e738cde1cd48a23879dca0b65e181f664504b19377926fa1920fd08b952dfd49",0,3123912140
225,73569878,"NA4EYZSB5YALCTLJVCLNXPPNAL6GVQW7CNNKEBVS","c18eab1c9fe9c341a84a7e11af8ad4bcc5cfca74a858310fc877e288c104b57f",0.0003154615720767588,3050088703910
226,73569830,"ND54KN2JI3O43YGKOCIN2LEBTN5YCJILHCMEN5SU","1f6286c473bc0baa32e0a33e284ae6e4deafaf9d6c6a123ad57caf873fee5800",0.000021937226229417276,79959951000
227,73569310,"NDUUS22NOYAVB75IYL5FBUXJQWKGBOA5AHP4GOOY","4ccf87ac5448b09ff561affb9d362228e41ca8ebbc1810f1c99038adf514183c",0.000026376075494570284,99952415714
228,73568960,"NCUEKNAQ3DN7VJLSDX4LMKORIBJVEFMECQLSIY5Z","93f1156abce9e8b1a5542de6d031c806218748a4e2ceddedb9948e05f29126f8",0.000040708993075171925,246106489021
229,73568612,"ND52OETOLPINJRA7HOFJXMEXJVBKHL575K6O53SK","026b2070a5ca95710cb9f5992ac854f5626dd4573eff7b4bf5296aab430287f2",0.00016310846797524856,1499567250169
230,73566884,"NDNRP26S2GKWMZAQ2OQXE24JDX7TBY6MUFRL5BFP","068456221418300de9c9b2847bd26a24e062451cfbad452a201025c137d6415c",0,70000000
231,73567298,"NBYVCKGRA2NWBKPTA4OFKDD5TFLCPWLVN64NXOFT","45348b47ba56b5ce57a0bb343eacce57780d83c39bd953488ab4ba5019f185a8",0,657353
232,73566857,"NBRPFSGMCL6FSPEX7NTPDM6BPCQDU24QOWWBWFZL","68c90337943837e3c4129e115380d8aabe9ec8440681a945272bb54ca266774c",0.00002608716865082149,138618975209
233,73566856,"NCVRRA6RMMTAV7GJCAZQ3LF7KLSBF466E7NCITBV","fa5889e609f91123efc5a0bd34c765defc0905d55a0f82d6915dbf46eb3ab341",0.00001766543150651569,11580000000
234,73566825,"NALL6I7FCSH2H63LDG5UT4APKFZV4TTCELB66QEI","9ca875db9cc800f442db4bb7c2ed9f926d880c234c46b35b30510f25e7ba1e08",0.000051935608395385005,360978151856
235,73566688,"NATWXLL5PEMQH7X5AOZBC77IHJLX2GGWH3HPSCY7","eb74a3f6f4a7f6ae2b53b2a29acdc4c2c3edc9dfb1ef952d05e757db938ef6cc",0.000030108270701371838,199706238249
236,73566186,"NAH72MA2MDBIQMCGBXGBWZXHPAZ2QDXL5BJYZQX4","070b3aa13693e8885cb0bebc373810b857cb3ece6267d0bba12490c0fa096da2",0.000023432613670319037,71687519706
237,73566182,"NARJGJSX5MT3SP7SIPI7RPCKGQMA3PBGSXMXKCBI","f66628f7cfa588c302bc2965ab7affe8f0f64685dd9c43ec19dc094190345957",0,19000000
238,73565944,"NBRR74KOQNZYPORJGJIMZFGCC64HU5IZXD5JEAIA","0bb0f3653f721051f1dd7e1d87055e1590b7367e8acc8b0f93a9c2e61d38e79d",0.000021023916912227915,46916813000
239,73565259,"NCIHCHEM6HPIOZLJBGRXSRKWGTXSQHZEA6YIA7MW","db98dbd06ed706e6e66ed15334451b1745cd40edf3f4224924bf40e28a20f50c",0.0000718080239697022,562962512065
240,73564835,"NBYW2TJ4CTCEOMTB2NRWNFVM2UVOOQVRDVH7SWVH","bb87d7061cb1ae3911717f9bb3519fb0502cca9926311c5f80f84d0c9aebd045",0.00002553721024714852,96834115461
241,73564637,"NAJ4AR3TSZVBWTQC75DWMW4MU5ARQI5X4EJZLNBJ","58ee57d42d1fcfaeb35c30f589fa7e054d538de8584eb776b40925858edbe1ff",0.00027132768135227503,3004813250000
242,73564610,"NCEKY2JJLTWOLJFGKMSFFZCJOU5JTRJMZ2WAZWZK","0de62a89f6a208dde15dd37bffc9aef5aeda8c85d51ee640f4e3b402a981d06e",0.00027131768545332776,3004676000000
243,73564494,"NCPKPP6WTQLVSNET5DT3VWTF2L6VFE734CYTBUNJ","17ead270a2c7b58f6fc991a8423d0311df56f5fd560a03580b3864ba99b5d7d3",0.00027132697787263693,3004787787662
244,73564302,"NA7AJ6G4ZWYGNRUJEQLTLTC2P52NFWZI24UPERUG","7ef6f318888de87f52cb74a2add6da7f27d71f9430272c61ca25156109cbd469",0.00001850591420066077,20394698360
245,73564173,"NBI32UVWF4MI244JEIUYQ232WBGIBO2NUGQPKCPA","53ca40868e3920eae58c61cd7a23a3ad2ba59164277ac8ffabdb0d2327c41ae2",0,11163951490
246,73561095,"NDVQSQ3I73BBSDOXVNT2K3GFEBNU2TG3BD5V5ET3","e2c1fa6e592bdc614f78e90c5d3f0cf4cf415a9e42d096d51ab05b74daed6e51",0.000038449078966831484,209529999700
247,73560092,"NAJ2STDX5IKDXMS2E4XFUVOEYVHV55AXBED5FDDZ","c53c0b5e1947ffb544041de8329db92ea0a793d880b59bb43b3e6177a7deb5b2",0.000019253802663489745,27968688495
248,73556919,"NAF3MEPQE4BY5H4XRVY5ZXFUSADFH4JM2BRLNPGP","41e25c1d63da86bfdca83f989b9bb6e0b3bcdae245074bb59fb6832852dd0d32",0.0000187359998175919,22008354815
249,73556348,"NDLXSZ3N7JFXZHPKW7PYU4FJIKDT4BKDFES5GGD3","a63d5783dcc41e03dd264566c25d7cad9f1ed807fcdf3bd710563a0e70267bae",0,0
250,73556376,"NBPC5LTFUF52M5GAQOM7PQ5IO3PAW3GL624ACBXU","59aa033ca199af56402cf2e3bfa3bdf2c7168c355f96dae508d55c57865429ff",0.000024891388805388526,89993000000
251,73556103,"NDJ77D5P3NEDYEL7A3PEOEPIGR7LR2Y2XXHSW7HQ","bfdc3653ca4b54c03d4b48ac913a3e967f8cb4e36892877597a503b146edc816",0.00001854268515224301,20421242010
252,73555517,"NCU5MJHYH4NF2DAJMUWCSMCGVPYLVY6BFOXGMNRF","14cf4a17e67f79e94032b069c6803dfc99b3f03e2c283ac82619e3881f9fb9e4",0.00001899542728490804,24732808104
253,73554744,"NDJ2GDCXZQRPAUCNRQLQCDXLZ6QFA2LR2NKO6FMM","d12b3efe2c638e9d93644475b6e97fd996b616a03a390f41b2fd892de763ec62",0.000032741509593361334,226086000000
254,73554524,"NBYQXNHXDZAUG7TONA54DISKXAT6OKEGENUEK3DQ","488b956e9315332c37752f52d7eb9c268010235554198972c3d8ed6a21e9f2d2",0.00003060288377824492,143010127796
255,73554372,"NAHG3YOIIJ5GYTNQKK4NGURQ3KLEQWC7YCSY7BKS","b2ba7cfe58f02519928c4e68ff9f618f68f847acd517ed74ab90313239f757f9",0.000320910431463746,3119651141061
256,73554302,"NA2YQCIBRNAYUJC3W4M7RWRYXTZCM7AP72FD46LT","149c8b0db548bc02f0da25e348ee8c0cec35e2a5876798bf966bb5777b59fa97",0.00019655347330312486,1603189060102
257,73554111,"NBZDYD22JOV2SK7II3DCMBRJHBMNCVMS7Y2UXRFQ","892b78ec7c7eb179da99b59095a33b4c1fb6ff342e771f52af7bd572442b8785",0.000017750063144783796,12236301018
258,73554054,"NDNLCBCXH7WE25NDEGX6KCYX6RYI3EEVTHW75WLG","bdbc05360a423635c18809cf86d6cf2eee6848f22fc70457afe7e6d44049a2c0",0.0002025977164370745,1901837242337
259,73553262,"NDNSCESEYGEWT7UNWYGWHADR7UCAX5GR6XGSKX7N","25f92005c3b7de43514dd0adc0ea1b529a43cd353b8a0c4380f0c081876b5a31",0.000018887115633375424,24558216871
260,73552187,"NBAGWWERUTGHK53P6FM5BRJZVJURN7ZNPARHCOUK","569180ce69160cb29bc9d6c640e5d9b49572c90ffc6948477148c9993159648c",0,1500854045
261,73551780,"NBJYU4R3WEB6NTZPVUGHLKIXWJ4VBDDUONHY7HHZ","b11b2a544bbb995db71d6e4bceee9dcc6a526ed31afb24b84176e4074d617b1b",0.000023480006902547455,70509462085
262,73551774,"NC6BC2WHMRV5LBXTWF5KPRX2TJLENMDV6MJZ4Q6H","d3734fea350a8021e7addc7db788513eb21ffb246e89d7d1475e5a96dad4b0d8",0.0004584173884392268,4502506445275
263,73550200,"NAPMOQXH6T7YSIXDAMMNMIYWNV7C6342ZV7IDLTG","fa55cefc26ba5793ba38e981cc5665b5ef4fd7feaeba372de7423ce56a626337",0.000017610705151089134,11978000000
264,73549062,"NDA35SAWTJFUKNQROWTWRPXDQLYCL3GI7VXRODIN","37ef69040b57a9059244da56b7f44fccd6bec6ecbc9f8d7b1ffc72f148295aac",0,0
265,73548722,"NAW5BDPC6VOOLVPGTTXLRTBU4DNJNKCRTM3FTUIL","356bf98b566d16e7c3f6ecf9b778d4433f3eb0efae65c49a0752d82bf949a1d6",0.000252106980965738,2400474218224
266,73548532,"NCF7RIACTLSQCHWWL2LHFMYQFBKMD6BRY7KPMMTN","af9e5bf8a234a57a07cf636b0a09bd2d6e451fcf0b70f0c45966038383e1358a",0.000050649875246194215,358954064060
267,73548292,"NB6ZSGLADHBVOKT5IJUKC4LD3EHPHQFQS2SYL3QW","8f3988683c94344b39e67e27777995c6727f779d7bca6f24b4b54b81a0211df1",0.000025362691325374976,100600679683
268,73548204,"NCDAXXXDFWYJ6AXOW2IEQEQ3KIU6OCLZKH3BUHZO","f57f05992e675a1ef427d1046b01ceb683329952b862d02dfd49972e2c46b290",0.00006959505683994695,627420689044
269,73548062,"NBGCULFHJAMYT5C5YAKQO4DDYFYR6ABZHMHSU4K5","e3f6703833553e38cbbba19b3076132cc21fbc277308400e5937458bbac50d0a",0.000024357498187469435,160431797700
270,73547958,"NALAV4EXSE3Q3ECJDJ2YN4WMPX2GCJOGDRGI4DZZ","5e3ffdac4fd8512949d08c150fe9a5b239308576863fbb93e1234ca5e107ae65",0.00033297605367737344,3240733142932
271,73546034,"NBSVDUFY4VZ3VUNFFK4QXOXWY2RKR4QZRR5H3BF6","0bc0c67151064804154482baa4f3e4f9d8c8530e8da5b7bc1f440e38ce6ef805",0.000018827797589794857,31551000000
272,73545180,"NCJCU7PZWQCCT7TQQU7F76RZC6WGX2NPFK4Q2A67","692a58a829c5bb1cbd6457d047f4623c697334260ec827ace8fca8ce04ecaa48",0,1166726658
273,73544417,"NCWYMRVADIM4GMETVG3YSHHIFSH7PJBW6DXY7B2F","df900a9b5c380b5133eeeef4c8b5f6a68bbec0ff1bccae43de4b755e53324a03",0,39000000
274,73544049,"NBQUHF7WIHZDJ3PJDMZSNLCJJK3PFKT6WQ7EK5D7","c8d39d7a5c79b545335a8fff3926fb4878f4bb9cb704634062ac08f39b4576ea",0.000017984105932591755,14427638000
275,73543070,"NA6CMPKJF4TLRBNROWYO35ZY5XMY6HB5KZEKK3UQ","9c5a567593a10e5372222277e1af3e5e21963cf471663481f0d6581f2fc59b4b",0.00030982876099994817,3000891000000
276,73543020,"NCH235PKC2YRTZTLZQXH27TGWWELABRR45TZ6EEY","995100ba8e3e3c0c994d570b5ad6df150afde8d7a37ee2f1a0e90ad2ab528023",0,4508518732
277,73542387,"NCEMR3QTYZVPGOEVYSFX2HTETIHXEANJN4NIMZ3C","f00ea6558a343f518e994e84ee4a7ba688b0b9e677acaaab4eaf7356f3aea1ad",0.00003540193290698908,200893723718
278,73541938,"NCXIZQEARYTW2BGFHAPEZCIY5ILOUUJRC3VZH4MZ","283cb093a6b891da57c4c07fd957b77450740c534439282d381a5393edf0f7f4",0.000017598640418491377,11696934214
279,73540323,"NBGRTSRV32P3SWXT7VRDP2T72GGYEXLQHEF5NUOU","f0e9ee361824807e6cee8ea5bc6c2e09f5e2007d447f084e67bdcaae9bec15d0",0.0000189764838599865,26319208600
280,73540254,"ND2HM4TFUCGRIKFSE2EK3W36OBUPRB5EDC43HLZG","8b234006bfb475fe426184979211c76a4ad12512e9bb1251b8007dce1c99a051",0.000022425600127322046,20000000000
281,73539914,"NAIQUBVFDAZFKNDK23N4F6DA6SAAZQF3TPONYO6W","d41541d7f8c102e3d70d2ad84f71b30a2d64924f918ee4ca2cff7ac2ca8480c8",0,7875650000
282,73539170,"NB5OUQGCTDSCSTURFKTS4GOG7VEPLYKTGZ6OIN4P","f22a726ad977b1f93d791e41f48b167d9c6340ead3e96de90e98aa55250feba2",0,5393000000
283,73538645,"NCVULEDY53COY2KQVKMMOXJLMFCKXRT477WG3TBD","7c7465ed856ac9c46d3f3aa70a1e47de551a37a41ed155c0c63115609b83932c",0.000025222356053828263,102954276000
284,73538566,"NAPYRESXJVTYSSKJRVO7FXFC5VDKS4VSQUMTJKVQ","3114f64ee745431634434f3e5c479c78ee23b18cc0ce93a0a58958f6b2131ade",0,414185600
285,73538374,"NDQY6KGPK4HF64S4TCDIY27KMJFSZICAT5THQCJC","c9b5d9f107f78a9c22115cbde46107903d9e1f8cb885b6ff6786f1d666012625",0,9359000000
286,73537795,"ND6P7LU2KSQ2WRPQ3T7M2K4EJKON54YVYLKJL2G4","18b019f232c4b8e8a46dba66ad4321d8ad50f837d665f3d4c23937c9378726fb",0.000019162963958224966,35538630000
287,73537720,"NAO3E6VGRORYXRHJCQQSBLECI4EWYXZ4UMLUND4B","9da360390bdb8a7ad4d00d61c22f1b4781a64c0b5d913299f23f2f8c58f7f946",0.000019517278620714587,39786000000
288,73537523,"NC4KUMI3MOJSUE4H7JWMHFZ4FMI5JSNGCP4OQQYX","19e84fb2b794ffb9e29fdd114a71227b7e4d864b71602613cc494c8ddb0acd31",0.00017902884247122597,1656998509653
289,73537406,"NBRPJKOCJC55GLBVPRSE4ZL2Y3OHPIIDJH2YNTFR","d68397ca32305c738bf370a8cc5c8365d27a752667511c8daa0b5906b7b07abb",0.000021534379455552823,60953000000
290,73537346,"NCEMHBXVTSTM3XE5PTVHZVN6W6WD72OWPYWCFD6D","ad1fe1daaecbb96b252889c2648a98be941a7004e5c224b4bbb858675aa02df9",0.00019757322078910343,1823964224813
291,73537141,"NCPYSQWCDBOPF3OUIR46FU3ICMVAVX5HR3UDX7O3","faa27abf36665e860573ba864bc207864b6508da6d28b55a1d460a0d9fda0872",0,0
292,73537136,"NA5CVJCUWZSG3QQBWW6TMDUTIHIADSBA4XVOS3XB","85f0fddb1685eb39960ae5cef072bed4df6465471a4f8a715448fe98c6d20800",0.000022276796441195842,58180898243
293,73536982,"NC7EIJLP5YTIS5G6XIXS5G4QVG27YMYHMX3J22UC","40bb2a20b9696d5f089ede7db25e3293f55a55092aac473d874d06ccb3d6b7f4",0.000019935748000052337,34313989999
294,73536902,"NAARR2FW3X4Y3HMW7R6V7HMFGQKTVV2RJUAQLDO7","7bb88596402aa2a171913d71fca598c404ab028da30deecd4ccb9ae6df35f86b",0.00034670648628897335,3003790294408
295,73536891,"NAUWTIGBQGWD5ETFKD4RH7LMWWOFHYFLU4PSE6XQ","2457cae54901f437772b900142db335e9d5904c3bddd47c8176e59d623134f4f",0.00001903100820099136,25105381687
296,73536849,"NCBU5Q4LEANNICUGIGNSWGLGM262EOMDYVXWH5CQ","fc864b7c7dff2fd882429ade2f5b37d00f8b6b1be7b21a450f5f3b9ba363a9bc",0.0003465563916203628,3003469193521
297,73536447,"NDIF2KBGWGFJBS3CXFDDWM5GK6TKEMKHB4EEBS6Z","1ee878bf16eae0bcad2e26da757038695b1ee83d95aca8a0a795b927925eee84",0.000040124996215604934,240040676883
298,73536067,"NAYYHB6WH2RWI7A4ZOB4NT2JTGTZQPREGXZJHQXS","7f6a38da0f9624b1e4bc6e8888dc77ade9b77fbb68bddb497fde92c5bccc6791",0.000046244973391761176,302397000000
299,73536051,"NBH5G54BEXUIYOCO6OCHIRB534RGXEBMFKN6G5V7","30b1681160c11062ff07c943be8c8dac38d6981dd760e9e5c396a022d7822b93",0.000020712641887433747,57182399101
300,73535820,"NDI4W74YYYXKLGCSU4CL5LSGO646QLQ7NQNM2IRK","8281354f4548c24cf8034050bf819991c40a759af1d2f77f4352d70dddb7856e",0,893000000
301,73535458,"NAUUL4B7O6BYSZS77NWCB6DYY2WPTKLR5XZN4L6F","9c79fd237f4225a56fc5fd95ca5b35d35aa09bea0f29d6a9243a33fd390446dc",0.00002658939751838249,150343000000
302,73534896,"NA5LVTH44ICQKSEMCSBG4UKI37B2WZ5N5BJHRUNH","973ca6d2add44713502688d9d2410213154219b6288096019a11b2b93f54f7c0",0.000018432851753824632,19071000000
303,73534470,"NDVZJG3TCX7EF33LPSNVHQ72UT2TIJRDQ57EZLZ5","0cd01c2c1d6b92513a5855be102b90026e80712838e6d2e24c46aa3ad97fb7ba",0.00002701032927233082,107460670457
304,73533870,"NDZQIIWHS3ZWORRQLUHQZVC27VRZ4OUR6OPRGOPR","fe832011e10bb24385f0074cab5ce900537111933dc9c4e638b11ee6d1667842",0.000039878998482376885,290069060263
305,73533325,"NDKCKLP2ZUNFFEQEQF5XHASYF33H5NBVFO7NIB33","c2f1e0fd3d473c45b404571a11421f716cd8a06d1b17b6520370766bbda46e1a",0.000018059558858211408,15418000000
306,73533256,"NBYPMG6C66XRPPZJDVRN7QTHR4C4RWKU2XWWK552","6bf37d26906dd187d3c236df5731779125b7f2b907622d32a8960aabf30e9005",0,5371000000
307,73533181,"NCWCJ27RF6PUSGCWMNUSG2YPICDA5Z3FHWWU4GRW","772d37341fa4b6d01859616b80ee18d6e8bcf6676e99bfd1d69b6722afe1a392",0,399000000
308,73533117,"NAB35WEN4FUZV44R7PB6RBE4XG5IVEYWZP4ISCXT","0e1c001e02ef97764f0db9efdb928dd2023e07e1e8d329eb344b66639c063cd5",0,98000000
309,73532999,"NCVV5FNU6AF5ZNEMWHYNRGY22TV64GOQC243ZXVG","5ae70611d524294277a9ab62872b3d95bd685f1f29d8df9da699fa21da3dbe44",0.000021922177826290708,55207641000
310,73532404,"NC3IZU5RKD5JNN4VXYEHC6NZD62UQRHW6NR5YZPH","266f7d3a2b1f596a0eb76fe7ddb59ef6dfb66b8ebd85be71d1ce810a0a87d252",0.000019017169984994448,23518000000
311,73531051,"NDDQY6TSUVY4SRK3QEVUJCCE2NQ6AMJI4443AQI6","bb5e1f032921c35baa7cc7a2e15873b0702349cdc096fee1ecd40fa5075f1837",0.00003065096647670408,199127442000
312,73529773,"NAC54WEC4MICRX5S2IRKID4TEHNN22RJIEYGTM2C","37b0f495cedebda052a907531f4fab070285d9dd9f0178db62e70872222b7fe4",0,0
313,73529254,"NC3CNBWSWF7ER3FHNA7QJPLNEK7SJEMG3BCJT327","665826d874c70b91b1bbf7b59ee29fa5034c8f5ab162cb36216ff7a38967c76e",0.00003317024239020129,252540209559
314,73528650,"NAUBSV2JVXUUMHVJCIVQHESNLTC3DBHRFWGHJGCO","597ff8cc0ccb5ebdc5d04b9ca746ee83d973a694fddd8653afb1eba9ff6156a3",0,11601988809
315,73528625,"NCANOZCFYUDCGDR7LTBRK272UEYI3JG5PH6ZQUTF","ec1ffff054456453383f4a1df203947f10048da5a819a2d75b538981607b1b8d",0.000018653640782388324,21265171986
316,73528070,"ND3N6LAREIFMHZVJBOSGUO7GSBKY6VLO4UKJOOKD","692ca074c1f6d019980245b5cc2ff5553aaf8fa4284d41d1f9d1da8f0f7bcff8",0.00034665013516209256,3002204486535
317,73528061,"NDHWHKBIMDRQQQRL4TNBGKVIF67OAGQSHBR3SK5E","1bee6f0be09db5761f4c0d784bc7a4a4085b7469813260d0c9c7fe88c0b64f55",0.00007007015703322767,549604610082
318,73527921,"NCM3BHCFN47O2UVBATY7EXSINBPRKL6J5WQL62XT","f1e42c470a13a41bd9080074d69daccdcf75211bf03fdc11aba18e790e080899",0.00006903405407463166,119060790419
319,73527741,"ND477SAYQYAKLDGI26U5IWQ4CQFTK7ADCIUIBISN","8dce719162e97748e097fde25ff8ceeca93a65046ba2a49443e7a01e8889ac87",0.00003702055529353527,209668224123
320,73527611,"NA5FXHCMSEDA6SFHO5DZ6PDSQ22OTJ4UVEETLX4G","bc794d81bf4e0d8c799b724db03dde171de1ed5ea8890e3791865dd0f03ef1ce",0.00021117105514623704,1983517160419
321,73526296,"NDBG76LLCEAWO334KIJ45N3UGZK5PAIPIPIYZ5HF","4cdda8e68d23af6cfdc62b9a422cac97981d900b5e832c8089d3a0745dbfbe5d",0.0004340558300046444,4300833450561
322,73526222,"NBLI3FXN37677ZACWC6LY3ODNKLGEH2IBQN5MRDO","2d4f4ba7c0744c70160bd955dcb332d398fc97d10d38ffe1719366403735627e",0.0003116204209760987,3003038201033
323,73525033,"NB7QMTXZQN3YYZVGP7HPMIAUIDEPUA54X4DTPIRC","1fedb56e83be3a99f1aa80144b56c11f6a1ab03d3aa732a68d99a4177731d9d1",0.00005080792776186297,374049297775
324,73523921,"NCBNQYELSMRHJFB2GQJ7HRZ7VAOVNZCW7PMEMPIU","438a6f0e07032f79b43bfefebe5fa56de11a40bc1b625dc029b910721d3b7e39",0.00002235261036530142,76627537201
325,73523754,"NAGCEYU7RK4GMIXKPHSVB6LMSGHVIV7NHHRW7SOM","b480145861735014f7621d01ba472354e0d3324bbde3b504c4cb801cd7b087cc",0.00002441219153859684,80034901000
326,73521963,"NDFS3ASGSXT4XYDK7CSPMGORGVNDNQZUYQZHHLIH","6905c029bc06afb1fd213b07cc83c84705d790a2fb9b2b2f8c328efd758e5bb7",0.0002380621492977248,2256989851221
327,73520376,"NBR5AZIDXN3K2VAPUY7NBBS4FI5RRIEMQYUBBTJ6","a76d5b31f0a85f3b84309b780a1c23e5dd4547d1fc1f510d893e1e1d323823bf",0.000027632494430941155,112684671473
328,73520278,"NBTIHT35EVCZ5Z2ZXA76LYIT3R7IKCEXRK7VZLFW","091e0f99d7b635906dcca9ed864061a130c182cf0f8578f79b81ae04217eaad5",0.000020618786794997516,14095000000
329,73520002,"NBTQQNITHLAYSYY25DJNDQD6SAVYW25RQAAFXCR7","402e6f262188cdd9f397cabc4f3c0ac485bea9698940abbec90161ce35220e22",0.000021602440028148675,51301545490
330,73517051,"NA7NLRDTQZP32GL3GZEZ4BVDHHNIBCG7RPUAZURB","9c8713150fef50b3ba673ae28d15c0de9c0a4e7fb4d63cd1f964995970f55845",0,46000000
331,73516947,"NDBXMV3PKFI6SGWAT5XHBX7BGL2RHBOBRH3MM7E4","cf666a109ab5c2dbd29029d92304ee6770fd0bd9583687d36157c5439603ace4",0,4454212257
332,73516846,"NAUIOIAH3CLZVV4SVKO3VFNV2QOXO667VA23CG2E","b111b3c59b9f153242e96a98532faaef2d548adeecda36ecc458c5d8bc6c210b",0.0003133335810965612,3028476298270
333,73516665,"NCS6EJAS7V4COBGRPDAXR2WP5SBAUULI5JY5JHWC","061240481db67ed7ce5cc28c4fa3ec9c36f49df9da1889604dbb328ba5016e67",0,4782741
334,73516652,"NCNE4V4L2LALZJUQ7C5U7RUILJVXL7EMA4MDNNO6","2be4abdd346aca5b5cc9c951412a264239bda40c89db33832c40740e6e3bc48e",0.00001824767771913275,19201726256
335,73515766,"NCGKSSO3GKVMLN3LX4HLIPE2BPYX26UWEI7LZPNN","ffdde6a61f179db0356c3a0eea7bc509db0fc93931f4b488afdf79649a31d614",0,1302600928
336,73515487,"NCK34K5LIXL4OMPDLVGPTWPZMGFTDRZQEBRS5Q2S","6e81c096719a030ef13ee08a7931e017f56fc4cacfa98202fc5c897e67e68008",0.000018839970469330304,11280502627
337,73515228,"NAN3CGZAWL4TKHSBFE3HOCU3MBXMPUXZMOE2AZZG","cf38d65bb2ac892a9083c450818f140d1b1ad3e8f46a36a7eca151861f605cb6",0,10211367518
338,73514765,"NAQP6K243JLRGFVMJPBX4VIQOHF5HAYVVMHAG5OU","0bb5a184b3c1c4efe93de255871855bcfa7be71640c5cdf0b3a94f4152942413",0.00001788588424307488,13558661358
339,73514736,"NB7XS4WXRC4JGCWCRKUVV4KEUQ5HDR4Q6DFJATVC","92def1bb0e83c62745a42fe17492a6d1a804428a8061f26d7ce31b7bb5d6c37a",0.000017820527683676708,12366236985
340,73514294,"NDW7G5O4UIL6GKT5JEOTJJNAWGGQHDSQSUHQUTP3","78fbc045197670c92e6aa7c3e5502ab31eb0788de77dfe101ea272a27bdabd52",0.000022681938848729437,70003000000
341,73513694,"NCOYGGH5JWBCFNWZAOM4ZS3XX774R4MWTYKF364N","066591c3d81d3d64eaf0b0cd982049a7fc24da25ba2da0ff51d181e155cb71ea",0,500380211
342,73513466,"NAY63N5GJRA7N5JGXVDSFRTKTTWYK5TXQ6Z2OEJS","ffd5713358dca70284294f0722c8923a667a090b9429f69b78d0682b7002da67",0.000018363141500919357,19024000000
343,73513316,"NDMGY74UUKZXPGMTTHR5N5B7Q5BCVVWFLL4I5QES","40ada4a15168c93ddf089c3247377304a46879a4876a9cbcb008217e3f05c824",0.000017616834872998302,10783226816
344,73512655,"NAHXHMAJRCRP2PIRQKEEKLSLLRBU2SYMQ3IBS7UT","f6790f24a22a0be64d3ce95c37f5bbf97977a2e5d38677c845a3ec39978ce025",0.000018877314199246423,25358341983
345,73512602,"NC4BA2TLXS5JLKYGE3AW66DBLJGEU2G5TUGQ6VT5","d883401197bd8b71df6d776bda090349700abd699a04e9e33cb5f3dc9f56d239",0.000017836807698947374,11742730418
346,73512590,"NAZRMHGGHW7X2XC3USYDQFLQYXPSUUBETYEYCVBS","b9b8f5da83119944eeb8b44b1c6e0668e26d27cb1c63d3932e876dda8582fd8c",0.000030608651172600246,142769055330
347,73512453,"NA3BVAFSXUYUM2O5DCCI5Q7YUFGHEIDYX4LPE3GJ","e16460f6428a35826e9d1be285c67f76fdd60193c482168ee1dd4b1685f8f5d1",0.00036951009234878046,3573728362150
348,73511263,"NB4XTZ3CH6MEOAE2T2GUV27KYLXU7JBGL3FS5CEL","f5d8df975c88a1c6b6477c56afdebce540e1498cadfc612516ce5fc381267dc0",0,1000000
349,73509507,"NDWXXDJLDZD3JD6AS5Y27RQRLPWSLW7L4RPES6KO","fc531092dc074a5beab22f11648b0aea4a48cd22ec55800980a57bef95c4086b",0.00023731097612289106,2249425073663
350,73509387,"NDC4KFZ5ZUEGK5G2DXHW42I6BFA6MJUXX4ZSEALU","aae16a354d1f251154bcc565460936f9aca690fb025455463ce431ce16fd7852",0.000018846904867041416,25047586597
351,73509252,"NCQ7PCGOEFMAHVXVBIJVEEZXD4KHNMIDQIWWGV7B","0033b696042b090a56f79f188022f0eee583ef80bb5110d7e2097ba7db8b3f56",0,7151932834
352,73509011,"NDU5U5VNFUO3NMYSGRM52DHVJLTSMK6OMN3434EO","8edbaf26a827e3cd574a00e8ab33f70c3d37d4fdcb047486b9e9212d8b549532",0.000020017761987584106,32867210368
353,73508292,"NBTFYHCYHSZAFOG5YNNSTRI6PTICOMM7RUJOHCUE","09417de3e6965c2b23bbf760193c93f09c7ae759304a9f1e25add9fddadf1c67",0.0000198931709318087,34343958984
354,73508105,"NDJ3F64F2NEA5YRL7FZIIDJ6YY2NUQQAOJC3U55T","1225ea8108e5adddbae0e47c0ccaf6edd57865c1d2c550364b04881a6ecdb4c2",0.000018796597709106324,31014947114
355,73508094,"NC7ONX367XHMDHLMIOD4HRSP6G45QOSREEMNYQQW","7eb20dfadec0d3843ca8714315234e7b7549749475698e81d3cb94c5d70e0a03",0.000026876903988634527,120601376363
356,73507888,"NA44L6FG5DG234W3QANKFIVLCTR5AEPSIYSGJQEI","651fcfe50da4dd8c00f698e8b95c89a2a7c0872692872a7f35435df42e59e606",0.00013877950196691384,1251409831381
357,73507844,"NCIW5M7FUNZWNQR5XA4UJJIMJFJVSNC2ZT5BMAKO","2bf98546026be5a9ad1d09e6973573e88b9c0a12222fde69b873a6849676f9e8",0.00031103574431770234,3010588637208
358,73507062,"NA4AYZULAI7ADGUZ4NHXFW7LNIUAQADEA3CE5FSQ","e3f888df22308bef04ec49937d4ae0ac65a7d97bdc0615fd3e13f144f7eac762",0,810000000
359,73506700,"NBVCPX744PU6ID4OJ27UH7JDJ7GBWNOLQMFVLI35","e40fa73825a6a62f6ca9ff4ee90f427952993a3e4091cbe71f269b17a49fd9e0",0.000019185580957636104,24075778705
360,73506366,"NABZNTMCTMXCGUWBGGJN5HZEA5ISBHNDGKVDORS4","4eb580d2e4f4beb90abc48f18ab96c8bea7dd0c35929657148c6636da87ad8ce",0,13307860574
361,73506215,"NCZDHNP4ZO7H3VRDZR4CJO3QQJQKHKXQB4LQ7XEE","34899e2e487cebc7468d3a8a796ab18fd6a007da8162990411b85baa7d689064",0,793000000
362,73506256,"NB7NZVVJF5FHS2PQTMTYHXEDHTS2E4WR56KQ4U4A","db9215e5889ee904de4683ab8236da969bb8e87883280139284c8b25fab4aff4",0,11977110000
363,73505421,"NAVUNTY2XMITIM77DT355ZFSJQGQFMIIEYL5F3XT","db7085f0f1499cf182510398a48714e34db109f5683be5097916d93f7a6ec707",0.00006488226963687485,497683783600
364,73504550,"NAAN6UCUWGEEOBVW3EMSFTJX7WWZI5VU3HEYW55V","fb80c3b90583f66af27c43dbf6f2fd279e7212cbe1348c30bf948bd6c95d071d",0,12672618982
365,73503765,"NAISZEAZZLPCJRIOOHG2NLFZCK3DMBL2EQOMZJYD","60a8a56e7436683b24b70047452c19209905bc6377a3dfa9e9eceec1e4cbd5e0",0,3871000000
366,73503732,"NAGJC2R7BQWK7HDAJ6L263VADAIAF4RNOUBADKR7","2de3635b5c0810ac31c9356dc533799f6fb15dc6681641b4cd12bd782fa50f02",0.000018090814047246113,16521208373
367,73503670,"NCRCLQ3GFSOAXJSH7MQPQLORPYFEJGAKLL3JF44B","060a20ed594f7eb2be575df6d110fae73c96b9b0a669d2431e12cae12abbffda",0.00014113171924418723,1285795388216
368,73502472,"NA675IU32CU6OSOXNXGAJEKTGPSSOJ7PEGR3GWN4","ce91360d31ea9f3cc1c80a5a5f70ea43d14026bb17318d4f7b81ed27c855dc68",0.00003647244606243882,202820777089
369,73502395,"NCMMTMO4GGY5LSZJBMPOGLUPJRTU6V55ULF2R243","1aa4b92dcb0c900a73064b13272c54925413ad423af4b53531385a857520fe87",0.00004715460018328369,305038262479
370,73501734,"NC4DPAE55HL74QUI7KSGTNKYVGKPIZJKBB5JF2BX","ae17667f40d9e1ff81770fef240835b0504c0997dcbc9d2b119f90b5aeedbdbd",0,4996000000
371,73501633,"NBBKSGUXGCEHF4D5BPRMRPF36LCHHYGDFDGJDG77","d4d97aefe502597959c62e198db60c39115b860d6a6f2763b13cfeaeed18b812",0.000023350359694664084,71615329298
372,73501557,"NAKHNJVQ4F54NPFIA2FZWADZB6X2QZU6W7VUCZS4","22f41883519a3d78974da1162ac855e11f92610ac112d964d27d2dddc679fcbe",0.0000232849192875317,70844607249
373,73501465,"NAW7DYU7LGZRYEWUQ7DY44RPPJYGKBFT5M4E7UIQ","3df5284bf0c7fddee4ae61a7bb9ce0989b21844390c173526960e418fb9da230",0,188000000
374,73501348,"NCHGAG6TTU4MLL5REAWB6R6ITPD3AOTP6SH7CZQB","2c8c050125454021e70755c51b58e500986eb3ebe454f5acc265b609ba210ad5",0.00020657800587646174,1942986185058
375,73501187,"NBEKFQ4JO2P4CJWZLLKLRYTJ7YEFRYGHXJXHF6J7","0be094bdb087f417e62d50fbc64f23667129c39565aabee86e0343eb8ef32d82",0,2279615106
376,73501076,"NBD2DCGUVZ5BHZTSAAPT7BUJBMDAMYXTIRCSZ2NS","10fd97d1e32a2f16f6cfb33e86432430f69e3f431c481b996da56dcfb8f6c28d",0.000038801705436659605,200910763635
377,73500168,"NBMIH6276XEHAH4LW7UO7PIRI7ZSFQYNQYTZF433","630108cdd4dfd5ab043a7d0ce267e34aeff88fec9dca306ccf7e75233bc278c4",0,2000000
378,73500238,"NAAEVMN2WRXO5ZOSWNKJRUC5GAM3DCM7NXCBAN6X","f5ff9edf7f6331317b53ce430194b1675aec95ed2e4298b3f4bb89c3d255e662",0.0014146249039719916,12792078688724
379,73500193,"NDTP7NQIY6U356UOKC57GIO2XONCWN37UITUTPCD","875662307601bc59996da0a20abc472513fd132212a426c961df9d3dc84a198d",0.00032308873255470886,3127739512379
380,73500140,"NB7M3V6SMDEFLP5WZ4BDXOY3FK4KONZWWTBB526B","b7e918ceebae54fcc2ad693c4a32b905947841d3644dad149cbefe93d974ffae",0.00032339744307773163,3130907364626
381,73500075,"NDI5M5X4UU3KNMAZ7MKLM46DNPPEZYQTMXQX3JBB","f908a91cc0a2f0a37089de83b95e6e9aa16cbcc807973c1deb1ff4d9e98da486",0.00032276284086589816,3124527867223
382,73499627,"NAMOAVHFVPJ6FP32YP2GCM64WSRMKXA5KKYWWHPY","7793085b12a60325fc833ce031e279b3adf52ca0dec6a0643f8cdd3f3eff387f",0.00034780279595219356,3006244957015
383,73499330,"NC4DGHNPMPTEBPRXYLQY3XQ76T6K3ZVR4VQBAK5B","ae4b1fa818427753b56d36acdf24430f5a1265de84abc50ef70f84ae8f5998d1",0.000027040870024989544,112939509968
384,73498722,"ND46YHSUGARIFNRDKMXMDWJHOVQHRHDZIZZR77Z4","d4f0e28e7f61944b189dfbfca92886d6959c306dc6b3b120ce89a2294c1412c3",0.0005153101213249412,5082205096093
385,73498508,"NALWS6FBBSVE23EKSOTMWC5NCORJJICISFORGAZU","ac461d3625410980314fbbaccddf9483b067d58f286f70bdb26991ad90db8147",0,0
386,73496764,"NDR6WQJVVJUGOV7GX6M2D3KX44DDTHBRBVHND43F","a8ec0ed995e886a86a6da041ca8ad3134ebe96cab4ea52cafccccc49375043e4",0.0000198327481059077,33787760773
387,73496410,"NAJM6U6KOTRCUIOFNV2JZ7NCXNLBXICOTBOH26DY","81ae4054f56d4c12777dbf87882e3838cbd4cd77033a38c35c0694a1fa549ef8",0,11383214116